{
  "pyramid": {
    "type": "construction",
    "goal": "Make a structure with the blueprint below",
    "conversation": "Let's share materials and make a structure with the blueprint",
    "agent_count": 2,
    "timeout": 1000,
    "blueprint": {
      "materials": {
        "polished_granite": 1,
        "gold_block": 27,
        "stone_bricks": 41,
        "polished_andesite": 34,
        "quartz_block": 16,
        "stone": 23,
        "polished_diorite": 21,
        "quartz_pillar": 2,
        "glowstone": 3
      },
      "levels": [
        {
          "level": 0,
          "coordinates": [
            -60,
            -60,
            6
          ],
          "placement": [
            [
              "polished_granite",
              "air",
              "air",
              "air",
              "air",
              "air",
              "air",
              "air",
              "air",
              "air"
            ],
            [
              "air",
              "gold_block",
              "stone_bricks",
              "polished_andesite",
              "gold_block",
              "quartz_block",
              "polished_andesite",
              "gold_block",
              "stone_bricks",
              "gold_block"
            ],
            [
              "air",
              "stone_bricks",
              "polished_andesite",
              "stone",
              "polished_diorite",
              "polished_andesite",
              "stone",
              "stone_bricks",
              "polished_diorite",
              "gold_block"
            ],
            [
              "air",
              "polished_andesite",
              "stone",
              "polished_diorite",
              "polished_andesite",
              "stone",
              "stone_bricks",
              "polished_diorite",
              "stone",
              "stone_bricks"
            ],
            [
              "air",
              "gold_block",
              "polished_diorite",
              "polished_andesite",
              "stone",
              "stone_bricks",
              "polished_diorite",
              "stone",
              "stone_bricks",
              "polished_andesite"
            ],
            [
              "air",
              "quartz_block",
              "polished_andesite",
              "stone",
              "stone_bricks",
              "polished_diorite",
              "stone",
              "stone_bricks",
              "polished_andesite",
              "quartz_block"
            ],
            [
              "air",
              "polished_andesite",
              "stone",
              "stone_bricks",
              "polished_diorite",
              "stone",
              "stone_bricks",
              "polished_andesite",
              "polished_diorite",
              "stone_bricks"
            ],
            [
              "air",
              "gold_block",
              "stone_bricks",
              "polished_diorite",
              "stone",
              "stone_bricks",
              "polished_andesite",
              "polished_diorite",
              "stone_bricks",
              "polished_andesite"
            ],
            [
              "air",
              "stone_bricks",
              "polished_diorite",
              "stone",
              "stone_bricks",
              "polished_andesite",
              "polished_diorite",
              "stone_bricks",
              "polished_andesite",
              "gold_block"
            ],
            [
              "air",
              "gold_block",
              "gold_block",
              "stone_bricks",
              "polished_andesite",
              "quartz_block",
              "stone_bricks",
              "polished_andesite",
              "gold_block",
              "gold_block"
            ]
          ]
        },
        {
          "level": 1,
          "coordinates": [
            -60,
            -59,
            6
          ],
          "placement": [
            [
              "quartz_pillar",
              "air",
              "air",
              "air",
              "air",
              "air",
              "air",
              "air",
              "air",
              "air"
            ],
            [
              "air",
              "air",
              "air",
              "air",
              "air",
              "air",
              "air",
              "air",
              "air",
              "air"
            ],
            [
              "air",
              "air",
              "gold_block",
              "stone_bricks",
              "polished_andesite",
              "quartz_block",
              "stone_bricks",
              "polished_andesite",
              "gold_block",
              "air"
            ],
            [
              "air",
              "air",
              "stone_bricks",
              "stone",
              "polished_diorite",
              "polished_andesite",
              "stone",
              "stone_bricks",
              "stone_bricks",
              "air"
            ],
            [
              "air",
              "air",
              "polished_andesite",
              "polished_diorite",
              "polished_andesite",
              "stone",
              "stone_bricks",
              "polished_diorite",
              "polished_andesite",
              "air"
            ],
            [
              "air",
              "air",
              "quartz_block",
              "polished_andesite",
              "stone",
              "glowstone",
              "polished_diorite",
              "stone",
              "quartz_block",
              "air"
            ],
            [
              "air",
              "air",
              "stone_bricks",
              "stone",
              "stone_bricks",
              "polished_diorite",
              "stone",
              "stone_bricks",
              "stone_bricks",
              "air"
            ],
            [
              "air",
              "air",
              "polished_andesite",
              "stone_bricks",
              "polished_diorite",
              "stone",
              "stone_bricks",
              "polished_andesite",
              "polished_andesite",
              "air"
            ],
            [
              "air",
              "air",
              "gold_block",
              "stone_bricks",
              "polished_andesite",
              "quartz_block",
              "stone_bricks",
              "polished_andesite",
              "gold_block",
              "air"
            ],
            [
              "air",
              "air",
              "air",
              "air",
              "air",
              "air",
              "air",
              "air",
              "air",
              "air"
            ]
          ]
        },
        {
          "level": 2,
          "coordinates": [
            -60,
            -58,
            6
          ],
          "placement": [
            [
              "quartz_pillar",
              "air",
              "air",
              "air",
              "air",
              "air",
              "air",
              "air",
              "air",
              "air"
            ],
            [
              "air",
              "air",
              "air",
              "air",
              "air",
              "air",
              "air",
              "air",
              "air",
              "air"
            ],
            [
              "air",
              "air",
              "air",
              "air",
              "air",
              "air",
              "air",
              "air",
              "air",
              "air"
            ],
            [
              "air",
              "air",
              "air",
              "gold_block",
              "stone_bricks",
              "quartz_block",
              "gold_block",
              "gold_block",
              "air",
              "air"
            ],
            [
              "air",
              "air",
              "air",
              "stone_bricks",
              "polished_diorite",
              "polished_andesite",
              "stone",
              "polished_andesite",
              "air",
              "air"
            ],
            [
              "air",
              "air",
              "air",
              "quartz_block",
              "polished_andesite",
              "glowstone",
              "stone_bricks",
              "quartz_block",
              "air",
              "air"
            ],
            [
              "air",
              "air",
              "air",
              "gold_block",
              "stone",
              "stone_bricks",
              "polished_diorite",
              "stone_bricks",
              "air",
              "air"
            ],
            [
              "air",
              "air",
              "air",
              "gold_block",
              "polished_andesite",
              "quartz_block",
              "stone_bricks",
              "gold_block",
              "air",
              "air"
            ],
            [
              "air",
              "air",
              "air",
              "air",
              "air",
              "air",
              "air",
              "air",
              "air",
              "air"
            ],
            [
              "air",
              "air",
              "air",
              "air",
              "air",
              "air",
              "air",
              "air",
              "air",
              "air"
            ]
          ]
        },
        {
          "level": 3,
          "coordinates": [
            -60,
            -57,
            6
          ],
          "placement": [
            [
              "air",
              "air",
              "air",
              "air",
              "air",
              "air",
              "air",
              "air",
              "air",
              "air"
            ],
            [
              "air",
              "air",
              "air",
              "air",
              "air",
              "air",
              "air",
              "air",
              "air",
              "air"
            ],
            [
              "air",
              "air",
              "air",
              "air",
              "air",
              "air",
              "air",
              "air",
              "air",
              "air"
            ],
            [
              "air",
              "air",
              "air",
              "air",
              "air",
              "air",
              "air",
              "air",
              "air",
              "air"
            ],
            [
              "air",
              "air",
              "air",
              "air",
              "gold_block",
              "quartz_block",
              "gold_block",
              "air",
              "air",
              "air"
            ],
            [
              "air",
              "air",
              "air",
              "air",
              "quartz_block",
              "glowstone",
              "quartz_block",
              "air",
              "air",
              "air"
            ],
            [
              "air",
              "air",
              "air",
              "air",
              "gold_block",
              "quartz_block",
              "gold_block",
              "air",
              "air",
              "air"
            ],
            [
              "air",
              "air",
              "air",
              "air",
              "air",
              "air",
              "air",
              "air",
              "air",
              "air"
            ],
            [
              "air",
              "air",
              "air",
              "air",
              "air",
              "air",
              "air",
              "air",
              "air",
              "air"
            ],
            [
              "air",
              "air",
              "air",
              "air",
              "air",
              "air",
              "air",
              "air",
              "air",
              "air"
            ]
          ]
        },
        {
          "level": 4,
          "coordinates": [
            -60,
            -56,
            6
          ],
          "placement": [
            [
              "air",
              "air",
              "air",
              "air",
              "air",
              "air",
              "air",
              "air",
              "air",
              "air"
            ],
            [
              "air",
              "air",
              "air",
              "air",
              "air",
              "air",
              "air",
              "air",
              "air",
              "air"
            ],
            [
              "air",
              "air",
              "air",
              "air",
              "air",
              "air",
              "air",
              "air",
              "air",
              "air"
            ],
            [
              "air",
              "air",
              "air",
              "air",
              "air",
              "air",
              "air",
              "air",
              "air",
              "air"
            ],
            [
              "air",
              "air",
              "air",
              "air",
              "air",
              "air",
              "air",
              "air",
              "air",
              "air"
            ],
            [
              "air",
              "air",
              "air",
              "air",
              "air",
              "gold_block",
              "air",
              "air",
              "air",
              "air"
            ],
            [
              "air",
              "air",
              "air",
              "air",
              "air",
              "air",
              "air",
              "air",
              "air",
              "air"
            ],
            [
              "air",
              "air",
              "air",
              "air",
              "air",
              "air",
              "air",
              "air",
              "air",
              "air"
            ],
            [
              "air",
              "air",
              "air",
              "air",
              "air",
              "air",
              "air",
              "air",
              "air",
              "air"
            ],
            [
              "air",
              "air",
              "air",
              "air",
              "air",
              "air",
              "air",
              "air",
              "air",
              "air"
            ]
          ]
        }
      ]
    },
    "initial_inventory": {
      "0": {
        "polished_granite": 1,
        "stone_bricks": 41,
        "quartz_block": 16,
        "polished_diorite": 21,
        "glowstone": 3, 
        "diamond_pickaxe": 1
      },
      "1": {
        "gold_block": 27,
        "polished_andesite": 34,
        "stone": 23,
        "quartz_pillar": 2, 
        "diamond_pickaxe": 1
      }
    }
  }
}